BUDGET_YEAR,BUDGET_MONTH_DESC,GROUP_NAME,DUTY_NAME,PRODUCT_NAME,TAX_NETTAX_AMT,UPDATE_DATE
2563,??????,????????,????,????,17873.65,10/1/2565
2563,??????,????????,?????????,????????? ?????? (1) ??????????,3129088759,10/1/2565
2563,??????,????????,?????????,????????????????????,2602493766,10/1/2565
2563,??????,????????,?????????,??????????????????? ?????????????????????????? ????????????????????,314086.59,10/1/2565
2563,??????,????????,?????????,?????????????????????????????? ??????? ???????????? ??????????????????????????????????????,249486.3,10/1/2565
2563,??????,????????,???????,????????????????,74628385.58,10/1/2565
2563,??????,????????,???????,"????????????????????????????????????????? 1,000 ???",4208674,10/1/2565
2563,??????,????????,???????,"???????????????????????????????????????? 1,000 ???",54103443.95,10/1/2565
2563,??????,????????,???????,?????????????????????????????????????????????,21060,10/1/2565
2563,??????,????????,???????,????????????????????????????????????????????????????????????????????? 7 ????? ????????????????????? 0.330 ????,60032249.58,10/1/2565
2563,??????,????????,???????,??????????????????????????????????????????????????,2778750,10/1/2565
2563,??????,????????,???????,"??????????????????????????????????????????????????????????????? 1,000 ???",15662537.74,10/1/2565
2563,??????,????????,???????,"?????????????????????????????????????????????????????????????? 1,000 ???",112673702.4,10/1/2565
2563,?????????,????????,????,????,76461.82,10/1/2565
2563,?????????,????????,?????????,????????? ?????? (1) ??????????,3347206735,10/1/2565
2563,?????????,????????,?????????,????????????????????,2658288397,10/1/2565
2563,?????????,????????,?????????,??????????????????? ?????????????????????????? ????????????????????,183332,10/1/2565
2563,?????????,????????,???????,????????????????,74368427.32,10/1/2565
2563,?????????,????????,???????,"????????????????????????????????????????? 1,000 ???",3682999,10/1/2565
2563,?????????,????????,???????,"???????????????????????????????????????? 1,000 ???",61359587.32,10/1/2565
2563,?????????,????????,???????,?????????????????????????????????????????????,21060,10/1/2565
2563,?????????,????????,???????,????????????????????????????????????????????????????????????????????? 7 ????? ????????????????????? 0.330 ????,49471054.1,10/1/2565
2563,?????????,????????,???????,"??????????????????????????????????????????????????????????????? 1,000 ???",15239116.15,10/1/2565
2563,?????????,????????,???????,"?????????????????????????????????????????????????????????????? 1,000 ???",161326132,10/1/2565
2563,???????,????????,????,????,3781.14,10/1/2565
2563,???????,????????,?????????,????????? ?????? (1) ??????????,3318003335,10/1/2565
2563,???????,????????,?????????,????????????????????,2442890075,10/1/2565
2563,???????,????????,?????????,??????????????????? ?????????????????????????? ????????????????????,212421.63,10/1/2565
2563,???????,????????,?????????,?????????????????????????????? ??????? ???????????? ??????????????????????????????????????,249486.3,10/1/2565
2563,???????,????????,???????,????????????????,69170296.84,10/1/2565
2563,???????,????????,???????,"????????????????????????????????????????? 1,000 ???",4320857,10/1/2565
2563,???????,????????,???????,"???????????????????????????????????????? 1,000 ???",83510937.67,10/1/2565
2563,???????,????????,???????,????????????????????????????????????????????????????????????????????? 7 ????? ????????????????????? 0.330 ????,92266587.54,10/1/2565
2563,???????,????????,???????,??????????????????????????????????????????????????,1433250,10/1/2565
2563,???????,????????,???????,"??????????????????????????????????????????????????????????????? 1,000 ???",23343602.11,10/1/2565
2563,???????,????????,???????,"?????????????????????????????????????????????????????????????? 1,000 ???",167158194.8,10/1/2565
2563,??????,????????,????,????,77901.63,10/1/2565
2563,??????,????????,?????????,????????? ?????? (1) ??????????,3646027544,10/1/2565
2563,??????,????????,?????????,????????????????????,2264499631,10/1/2565
2563,??????,????????,?????????,??????????????????? ?????????????????????????? ????????????????????,3527276.3,10/1/2565
2563,??????,????????,???????,????????????????,83073930.53,10/1/2565
2563,??????,????????,???????,"????????????????????????????????????????? 1,000 ???",1716529,10/1/2565
2563,??????,????????,???????,"???????????????????????????????????????? 1,000 ???",62965853.92,10/1/2565
2563,??????,????????,???????,?????????????????????????????????????????????,21937.5,10/1/2565
2563,??????,????????,???????,????????????????????????????????????????????????????????????????????? 7 ????? ????????????????????? 0.330 ????,124023972.4,10/1/2565
2563,??????,????????,???????,??????????????????????????????????????????????????,438750,10/1/2565
2563,??????,????????,???????,"??????????????????????????????????????????????????????????????? 1,000 ???",14481203.92,10/1/2565
2563,??????,????????,???????,"?????????????????????????????????????????????????????????????? 1,000 ???",128796822.9,10/1/2565
2563,??????????,????????,????,????,15201.22,10/1/2565
2563,??????????,????????,?????????,????????? ?????? (1) ??????????,3286370793,10/1/2565
2563,??????????,????????,?????????,????????????????????,1659243308,10/1/2565
2563,??????????,????????,?????????,??????????????????? ?????????????????????????? ????????????????????,4227351,10/1/2565
2563,??????????,????????,???????,????????????????,54942297.56,10/1/2565
2563,??????????,????????,???????,"????????????????????????????????????????? 1,000 ???",423300,10/1/2565
2563,??????????,????????,???????,"???????????????????????????????????????? 1,000 ???",58782274.2,10/1/2565
2563,??????????,????????,???????,????????????????????????????????????????????????????????????????????? 7 ????? ????????????????????? 0.330 ????,33767786.76,10/1/2565
2563,??????????,????????,???????,??????????????????????????????????????????????????,2106000,10/1/2565
2563,??????????,????????,???????,"??????????????????????????????????????????????????????????????? 1,000 ???",10555438.44,10/1/2565
2563,??????????,????????,???????,"?????????????????????????????????????????????????????????????? 1,000 ???",114035561.9,10/1/2565
2563,??????,????????,????,????,169467.17,10/1/2565
2563,??????,????????,?????????,????????? ?????? (1) ??????????,3426224699,10/1/2565
2563,??????,????????,?????????,????????????????????,2216299531,10/1/2565
2563,??????,????????,?????????,??????????????????? ?????????????????????????? ????????????????????,16031641.54,10/1/2565
2563,??????,????????,???????,????????????????,61697809.39,10/1/2565
2563,??????,????????,???????,"????????????????????????????????????????? 1,000 ???",553453,10/1/2565
2563,??????,????????,???????,"???????????????????????????????????????? 1,000 ???",69364580.02,10/1/2565
2563,??????,????????,???????,?????????????????????????????????????????????,17550,10/1/2565
2563,??????,????????,???????,????????????????????????????????????????????????????????????????????? 7 ????? ????????????????????? 0.330 ????,24197348.35,10/1/2565
2563,??????,????????,???????,"??????????????????????????????????????????????????????????????? 1,000 ???",8253196.34,10/1/2565
2563,??????,????????,???????,"?????????????????????????????????????????????????????????????? 1,000 ???",102770597.4,10/1/2565
2563,??????,????????,????,????,16404.44,10/1/2565
2563,??????,????????,?????????,????????? ?????? (1) ??????????,498889608.1,10/1/2565
2563,??????,????????,?????????,????????????????????,803372252.7,10/1/2565
2563,??????,????????,?????????,??????????????????? ?????????????????????????? ????????????????????,10948626.26,10/1/2565
2563,??????,????????,?????????,?????????????????????????????? ??????? ???????????? ??????????????????????????????????????,86110.6,10/1/2565
2563,??????,????????,???????,????????????????,36613594.27,10/1/2565
2563,??????,????????,???????,"????????????????????????????????????????? 1,000 ???",1693640,10/1/2565
2563,??????,????????,???????,"???????????????????????????????????????? 1,000 ???",14563647.5,10/1/2565
2563,??????,????????,???????,????????????????????????????????????????????????????????????????????? 7 ????? ????????????????????? 0.330 ????,69099145.06,10/1/2565
2563,??????,????????,???????,??????????????????????????????????????????????????,263250,10/1/2565
2563,??????,????????,???????,"??????????????????????????????????????????????????????????????? 1,000 ???",8634975.63,10/1/2565
2563,??????,????????,???????,"?????????????????????????????????????????????????????????????? 1,000 ???",52203161.79,10/1/2565
2563,???????,????????,????,????,12430.41,10/1/2565
2563,???????,????????,?????????,????????? ?????? (1) ??????????,1239047614,10/1/2565
2563,???????,????????,?????????,????????????????????,2013782497,10/1/2565
2563,???????,????????,?????????,??????????????????? ?????????????????????????? ????????????????????,4725741.04,10/1/2565
2563,???????,????????,?????????,?????????????????????????????? ??????? ???????????? ??????????????????????????????????????,4560,10/1/2565
2563,???????,????????,???????,????????????????,33044243.85,10/1/2565
2563,???????,????????,???????,"????????????????????????????????????????? 1,000 ???",1442425.32,10/1/2565
2563,???????,????????,???????,"???????????????????????????????????????? 1,000 ???",24735416.38,10/1/2565
2563,???????,????????,???????,????????????????????????????????????????????????????????????????????? 7 ????? ????????????????????? 0.330 ????,324849.16,10/1/2565
2563,???????,????????,???????,??????????????????????????????????????????????????,2808000,10/1/2565
2563,???????,????????,???????,"??????????????????????????????????????????????????????????????? 1,000 ???",9863764.45,10/1/2565
2563,???????,????????,???????,"?????????????????????????????????????????????????????????????? 1,000 ???",81395195.57,10/1/2565
2563,????????,????????,????,????,3073.43,10/1/2565
2563,????????,????????,?????????,????????? ?????? (1) ??????????,2359407452,10/1/2565
2563,????????,????????,?????????,????????????????????,2194592840,10/1/2565
2563,????????,????????,?????????,??????????????????? ?????????????????????????? ????????????????????,8508700.31,10/1/2565
2563,????????,????????,?????????,?????????????????????????????? ??????? ???????????? ??????????????????????????????????????,23338.41,10/1/2565
2563,????????,????????,???????,????????????????,55004109.03,10/1/2565
2563,????????,????????,???????,"????????????????????????????????????????? 1,000 ???",1254278.16,10/1/2565
2563,????????,????????,???????,"???????????????????????????????????????? 1,000 ???",28924068.5,10/1/2565
2563,????????,????????,???????,?????????????????????????????????????????????,17550,10/1/2565
2563,????????,????????,???????,????????????????????????????????????????????????????????????????????? 7 ????? ????????????????????? 0.330 ????,1402.5,10/1/2565
2563,????????,????????,???????,"??????????????????????????????????????????????????????????????? 1,000 ???",10764734.21,10/1/2565
2563,????????,????????,???????,"?????????????????????????????????????????????????????????????? 1,000 ???",85070324.1,10/1/2565
2563,???????,????????,????,????,154542.23,10/1/2565
2563,???????,????????,?????????,????????? ?????? (1) ??????????,2650607230,10/1/2565
2563,???????,????????,?????????,????????????????????,2848417341,10/1/2565
2563,???????,????????,?????????,??????????????????? ?????????????????????????? ????????????????????,6391018.36,10/1/2565
2563,???????,????????,???????,????????????????,62226059.82,10/1/2565
2563,???????,????????,???????,"????????????????????????????????????????? 1,000 ???",405207.75,10/1/2565
2563,???????,????????,???????,"???????????????????????????????????????? 1,000 ???",27948045.5,10/1/2565
2563,???????,????????,???????,????????????????????????????????????????????????????????????????????? 7 ????? ????????????????????? 0.330 ????,104137146.9,10/1/2565
2563,???????,????????,???????,"??????????????????????????????????????????????????????????????? 1,000 ???",8572940.415,10/1/2565
2563,???????,????????,???????,"?????????????????????????????????????????????????????????????? 1,000 ???",71502635.74,10/1/2565
2563,???????,????????,????,????,59.03,10/1/2565
2563,???????,????????,?????????,????????? ?????? (1) ??????????,2475965898,10/1/2565
2563,???????,????????,?????????,????????????????????,2431994166,10/1/2565
2563,???????,????????,?????????,??????????????????? ?????????????????????????? ????????????????????,1649590.21,10/1/2565
2563,???????,????????,?????????,?????????????????????????????? ??????? ???????????? ??????????????????????????????????????,34056,10/1/2565
2563,???????,????????,???????,????????????????,58756963.34,10/1/2565
2563,???????,????????,???????,"????????????????????????????????????????? 1,000 ???",94122.12,10/1/2565
2563,???????,????????,???????,"???????????????????????????????????????? 1,000 ???",27724440.58,10/1/2565
2563,???????,????????,???????,?????????????????????????????????????????????,17550,10/1/2565
2563,???????,????????,???????,????????????????????????????????????????????????????????????????????? 7 ????? ????????????????????? 0.330 ????,39635133.33,10/1/2565
2563,???????,????????,???????,"??????????????????????????????????????????????????????????????? 1,000 ???",13883676.59,10/1/2565
2563,???????,????????,???????,"?????????????????????????????????????????????????????????????? 1,000 ???",84441461.35,10/1/2565
2563,???????,????????,????,????,42006.31,10/1/2565
2563,???????,????????,?????????,????????? ?????? (1) ??????????,2781005634,10/1/2565
2563,???????,????????,?????????,????????????????????,2186816892,10/1/2565
2563,???????,????????,?????????,??????????????????? ?????????????????????????? ????????????????????,13827784.22,10/1/2565
2563,???????,????????,???????,????????????????,47496642.43,10/1/2565
2563,???????,????????,???????,"????????????????????????????????????????? 1,000 ???",654052.55,10/1/2565
2563,???????,????????,???????,"???????????????????????????????????????? 1,000 ???",30919821.11,10/1/2565
2563,???????,????????,???????,?????????????????????????????????????????????,2.8,10/1/2565
2563,???????,????????,???????,????????????????????????????????????????????????????????????????????? 7 ????? ????????????????????? 0.330 ????,39823607.38,10/1/2565
2563,???????,????????,???????,"??????????????????????????????????????????????????????????????? 1,000 ???",12552229.04,10/1/2565
2563,???????,????????,???????,"?????????????????????????????????????????????????????????????? 1,000 ???",98713926.29,10/1/2565
2564,??????,????????,????,????,69699.04,10/1/2565
2564,??????,????????,?????????,????????? ?????? (1) ??????????,2542351459,10/1/2565
2564,??????,????????,?????????,????????????????????,2520373697,10/1/2565
2564,??????,????????,?????????,??????????????????? ?????????????????????????? ????????????????????,1233992.76,10/1/2565
2564,??????,????????,???????,????????????????,32449355.57,10/1/2565
2564,??????,????????,???????,"????????????????????????????????????????? 1,000 ???",615602.38,10/1/2565
2564,??????,????????,???????,"???????????????????????????????????????? 1,000 ???",33855925.75,10/1/2565
2564,??????,????????,???????,?????????????????????????????????????????????,17550,10/1/2565
2564,??????,????????,???????,????????????????????????????????????????????????????????????????????? 7 ????? ????????????????????? 0.330 ????,56774020.04,10/1/2565
2564,??????,????????,???????,"??????????????????????????????????????????????????????????????? 1,000 ???",14480907.75,10/1/2565
2564,??????,????????,???????,"?????????????????????????????????????????????????????????????? 1,000 ???",95732406.05,10/1/2565
2564,?????????,????????,????,????,1544.71,10/1/2565
2564,?????????,????????,?????????,????????? ?????? (1) ??????????,2254446334,10/1/2565
2564,?????????,????????,?????????,????????????????????,2421571290,10/1/2565
2564,?????????,????????,?????????,??????????????????? ?????????????????????????? ????????????????????,1583487.8,10/1/2565
2564,?????????,????????,???????,????????????????,52601259.38,10/1/2565
2564,?????????,????????,???????,"????????????????????????????????????????? 1,000 ???",792269,10/1/2565
2564,?????????,????????,???????,"???????????????????????????????????????? 1,000 ???",60391520.56,10/1/2565
2564,?????????,????????,???????,????????????????????????????????????????????????????????????????????? 7 ????? ????????????????????? 0.330 ????,68764541.74,10/1/2565
2564,?????????,????????,???????,"??????????????????????????????????????????????????????????????? 1,000 ???",14578538.34,10/1/2565
2564,?????????,????????,???????,"?????????????????????????????????????????????????????????????? 1,000 ???",123458370.5,10/1/2565
2564,???????,????????,????,????,8328.82,10/1/2565
2564,???????,????????,?????????,????????? ?????? (1) ??????????,3019912742,10/1/2565
2564,???????,????????,?????????,????????????????????,2338439160,10/1/2565
2564,???????,????????,?????????,??????????????????? ?????????????????????????? ????????????????????,1429651.86,10/1/2565
2564,???????,????????,???????,????????????????,69396007.25,10/1/2565
2564,???????,????????,???????,"????????????????????????????????????????? 1,000 ???",564400,10/1/2565
2564,???????,????????,???????,"???????????????????????????????????????? 1,000 ???",40699862.04,10/1/2565
2564,???????,????????,???????,?????????????????????????????????????????????,35100,10/1/2565
2564,???????,????????,???????,????????????????????????????????????????????????????????????????????? 7 ????? ????????????????????? 0.330 ????,68467431.15,10/1/2565
2564,???????,????????,???????,"??????????????????????????????????????????????????????????????? 1,000 ???",18681130.44,10/1/2565
2564,???????,????????,???????,"?????????????????????????????????????????????????????????????? 1,000 ???",159150400.4,10/1/2565
2564,??????,????????,????,????,32280.14,10/1/2565
2564,??????,????????,?????????,????????? ?????? (1) ??????????,2298780647,10/1/2565
2564,??????,????????,?????????,????????????????????,2326163561,10/1/2565
2564,??????,????????,?????????,??????????????????? ?????????????????????????? ????????????????????,1053628.59,10/1/2565
2564,??????,????????,?????????,?????????????????????????????? ??????? ???????????? ??????????????????????????????????????,10260,10/1/2565
2564,??????,????????,???????,????????????????,75849820.46,10/1/2565
2564,??????,????????,???????,"????????????????????????????????????????? 1,000 ???",431890.11,10/1/2565
2564,??????,????????,???????,"???????????????????????????????????????? 1,000 ???",37618350.75,10/1/2565
2564,??????,????????,???????,????????????????????????????????????????????????????????????????????? 7 ????? ????????????????????? 0.330 ????,110843068.5,10/1/2565
2564,??????,????????,???????,"??????????????????????????????????????????????????????????????? 1,000 ???",11071300.21,10/1/2565
2564,??????,????????,???????,"?????????????????????????????????????????????????????????????? 1,000 ???",95193472.46,10/1/2565
2564,??????????,????????,????,????,51354.41,10/1/2565
2564,??????????,????????,?????????,????????? ?????? (1) ??????????,2707076705,10/1/2565
2564,??????????,????????,?????????,????????????????????,2041376006,10/1/2565
2564,??????????,????????,?????????,??????????????????? ?????????????????????????? ????????????????????,4177515.44,10/1/2565
2564,??????????,????????,???????,????????????????,58437547.41,10/1/2565
2564,??????????,????????,???????,"????????????????????????????????????????? 1,000 ???",245.63,10/1/2565
2564,??????????,????????,???????,"???????????????????????????????????????? 1,000 ???",20088127.28,10/1/2565
2564,??????????,????????,???????,?????????????????????????????????????????????,17550,10/1/2565
2564,??????????,????????,???????,????????????????????????????????????????????????????????????????????? 7 ????? ????????????????????? 0.330 ????,35516835.57,10/1/2565
2564,??????????,????????,???????,"??????????????????????????????????????????????????????????????? 1,000 ???",5949453.54,10/1/2565
2564,??????????,????????,???????,"?????????????????????????????????????????????????????????????? 1,000 ???",78887342.39,10/1/2565
2564,??????,????????,????,????,25716.98,10/1/2565
2564,??????,????????,?????????,????????? ?????? (1) ??????????,3203327451,10/1/2565
2564,??????,????????,?????????,????????????????????,2207091068,10/1/2565
2564,??????,????????,?????????,??????????????????? ?????????????????????????? ????????????????????,2526273.17,10/1/2565
2564,??????,????????,???????,????????????????,84535571.87,10/1/2565
2564,??????,????????,???????,"????????????????????????????????????????? 1,000 ???",86769,10/1/2565
2564,??????,????????,???????,"???????????????????????????????????????? 1,000 ???",38319837.68,10/1/2565
2564,??????,????????,???????,????????????????????????????????????????????????????????????????????? 7 ????? ????????????????????? 0.330 ????,50534622.49,10/1/2565
2564,??????,????????,???????,"??????????????????????????????????????????????????????????????? 1,000 ???",10383441.16,10/1/2565
2564,??????,????????,???????,"?????????????????????????????????????????????????????????????? 1,000 ???",106846982.1,10/1/2565
2564,??????,????????,????,????,507.69,10/1/2565
2564,??????,????????,?????????,????????? ?????? (1) ??????????,2829647785,10/1/2565
2564,??????,????????,?????????,????????????????????,1843022993,10/1/2565
2564,??????,????????,?????????,??????????????????? ?????????????????????????? ????????????????????,3277743,10/1/2565
2564,??????,????????,?????????,???????????????????????????????????????????????????????????? ???????????????  ??????? ???????????? ??????????????????????????????????????,0.01,10/1/2565
2564,??????,????????,???????,????????????????,87082638.8,10/1/2565
2564,??????,????????,???????,"???????????????????????????????????????? 1,000 ???",28201598.7,10/1/2565
2564,??????,????????,???????,?????????????????????????????????????????????,8775,10/1/2565
2564,??????,????????,???????,????????????????????????????????????????????????????????????????????? 7 ????? ????????????????????? 0.330 ????,98890405.84,10/1/2565
2564,??????,????????,???????,"??????????????????????????????????????????????????????????????? 1,000 ???",7337135.05,10/1/2565
2564,??????,????????,???????,"?????????????????????????????????????????????????????????????? 1,000 ???",81995498.67,10/1/2565
2564,???????,????????,????,????,73460.09,10/1/2565
2564,???????,????????,?????????,????????? ?????? (1) ??????????,2415581400,10/1/2565
2564,???????,????????,?????????,????????????????????,1948183358,10/1/2565
2564,???????,????????,?????????,??????????????????? ?????????????????????????? ????????????????????,2194585.48,10/1/2565
2564,???????,????????,???????,????????????????,66277942.54,10/1/2565
2564,???????,????????,???????,"????????????????????????????????????????? 1,000 ???",86769,10/1/2565
2564,???????,????????,???????,"???????????????????????????????????????? 1,000 ???",20542533.9,10/1/2565
2564,???????,????????,???????,????????????????????????????????????????????????????????????????????? 7 ????? ????????????????????? 0.330 ????,61607659.77,10/1/2565
2564,???????,????????,???????,"??????????????????????????????????????????????????????????????? 1,000 ???",13438881.36,10/1/2565
2564,???????,????????,???????,"?????????????????????????????????????????????????????????????? 1,000 ???",72486619.49,10/1/2565
2564,????????,????????,????,????,123242.23,10/1/2565
2564,????????,????????,?????????,????????? ?????? (1) ??????????,2122365766,10/1/2565
2564,????????,????????,?????????,????????????????????,2233581517,10/1/2565
2564,????????,????????,?????????,??????????????????? ?????????????????????????? ????????????????????,6312523.32,10/1/2565
2564,????????,????????,?????????,?????????????????????????????? ??????? ???????????? ??????????????????????????????????????,8698.29,10/1/2565
2564,????????,????????,???????,????????????????,75003028.35,10/1/2565
2564,????????,????????,???????,"???????????????????????????????????????? 1,000 ???",20420620.7,10/1/2565
2564,????????,????????,???????,????????????????????????????????????????????????????????????????????? 7 ????? ????????????????????? 0.330 ????,59960162.19,10/1/2565
2564,????????,????????,???????,"??????????????????????????????????????????????????????????????? 1,000 ???",9382186.38,10/1/2565
2564,????????,????????,???????,"?????????????????????????????????????????????????????????????? 1,000 ???",66185512.11,10/1/2565
2564,???????,????????,????,????,21019.47,10/1/2565
2564,???????,????????,?????????,????????? ?????? (1) ??????????,1883052886,10/1/2565
2564,???????,????????,?????????,????????????????????,2117237641,10/1/2565
2564,???????,????????,?????????,??????????????????? ?????????????????????????? ????????????????????,1343042.26,10/1/2565
2564,???????,????????,???????,????????????????,68327356.56,10/1/2565
2564,???????,????????,???????,"????????????????????????????????????????? 1,000 ???",338640,10/1/2565
2564,???????,????????,???????,"???????????????????????????????????????? 1,000 ???",23327304.15,10/1/2565
2564,???????,????????,???????,?????????????????????????????????????????????,10530,10/1/2565
2564,???????,????????,???????,????????????????????????????????????????????????????????????????????? 7 ????? ????????????????????? 0.330 ????,70721511.38,10/1/2565
2564,???????,????????,???????,"??????????????????????????????????????????????????????????????? 1,000 ???",12365157.87,10/1/2565
2564,???????,????????,???????,"?????????????????????????????????????????????????????????????? 1,000 ???",51299814.84,10/1/2565
2564,???????,????????,????,????,27686.1,10/1/2565
2564,???????,????????,?????????,????????? ?????? (1) ??????????,1784959783,10/1/2565
2564,???????,????????,?????????,????????????????????,2366662134,10/1/2565
2564,???????,????????,?????????,??????????????????? ?????????????????????????? ????????????????????,12972581.49,10/1/2565
2564,???????,????????,???????,????????????????,79883083.76,10/1/2565
2564,???????,????????,???????,"????????????????????????????????????????? 1,000 ???",13260,10/1/2565
2564,???????,????????,???????,"???????????????????????????????????????? 1,000 ???",17957293.76,10/1/2565
2564,???????,????????,???????,????????????????????????????????????????????????????????????????????? 7 ????? ????????????????????? 0.330 ????,35486788.61,10/1/2565
2564,???????,????????,???????,??????????????????????????????????????????????????,614250,10/1/2565
2564,???????,????????,???????,"??????????????????????????????????????????????????????????????? 1,000 ???",8649766.06,10/1/2565
2564,???????,????????,???????,"?????????????????????????????????????????????????????????????? 1,000 ???",60524985.48,10/1/2565
2564,???????,????????,????,????,223363.3,10/1/2565
2564,???????,????????,?????????,????????? ?????? (1) ??????????,2322185561,10/1/2565
2564,???????,????????,?????????,????????????????????,2714701837,10/1/2565
2564,???????,????????,?????????,??????????????????? ?????????????????????????? ????????????????????,4405265.2,10/1/2565
2564,???????,????????,???????,????????????????,53296876.19,10/1/2565
2564,???????,????????,???????,"????????????????????????????????????????? 1,000 ???",64080,10/1/2565
2564,???????,????????,???????,"???????????????????????????????????????? 1,000 ???",27160240.8,10/1/2565
2564,???????,????????,???????,????????????????????????????????????????????????????????????????????? 7 ????? ????????????????????? 0.330 ????,30107420.94,10/1/2565
2564,???????,????????,???????,??????????????????????????????????????????????????,1491750,10/1/2565
2564,???????,????????,???????,"??????????????????????????????????????????????????????????????? 1,000 ???",9162290.39,10/1/2565
2564,???????,????????,???????,"?????????????????????????????????????????????????????????????? 1,000 ???",67422935.54,10/1/2565
2565,??????,????????,????,????,44822.99,10/1/2565
2565,??????,????????,?????????,????????? ?????? (1) ??????????,2056370689,10/1/2565
2565,??????,????????,?????????,????????????????????,2365378323,10/1/2565
2565,??????,????????,?????????,??????????????????? ?????????????????????????? ????????????????????,1566260,10/1/2565
2565,??????,????????,?????????,???????????????????????????????????????????????????????????? ???????????????  ??????? ???????????? ??????????????????????????????????????,68400,10/1/2565
2565,??????,????????,???????,????????????????,62529402.11,10/1/2565
2565,??????,????????,???????,"????????????????????????????????????????? 1,000 ???",338640,10/1/2565
2565,??????,????????,???????,"???????????????????????????????????????? 1,000 ???",43189357.9,10/1/2565
2565,??????,????????,???????,?????????????????????????????????????????????,17550,10/1/2565
2565,??????,????????,???????,????????????????????????????????????????????????????????????????????? 7 ????? ????????????????????? 0.330 ????,61865269.09,10/1/2565
2565,??????,????????,???????,??????????????????????????????????????????????????,906750,10/1/2565
2565,??????,????????,???????,"??????????????????????????????????????????????????????????????? 1,000 ???",12069213.88,10/1/2565
2565,??????,????????,???????,"?????????????????????????????????????????????????????????????? 1,000 ???",96929353.55,10/1/2565
2565,?????????,????????,????,????,8613.99,10/1/2565
2565,?????????,????????,?????????,????????? ?????? (1) ??????????,2302257218,10/1/2565
2565,?????????,????????,?????????,????????????????????,2962507900,10/1/2565
2565,?????????,????????,?????????,??????????????????? ?????????????????????????? ????????????????????,689061.52,10/1/2565
2565,?????????,????????,???????,????????????????,98694567.88,10/1/2565
2565,?????????,????????,???????,"????????????????????????????????????????? 1,000 ???",231907,10/1/2565
2565,?????????,????????,???????,"???????????????????????????????????????? 1,000 ???",48051224.43,10/1/2565
2565,?????????,????????,???????,????????????????????????????????????????????????????????????????????? 7 ????? ????????????????????? 0.330 ????,38239521.89,10/1/2565
2565,?????????,????????,???????,"??????????????????????????????????????????????????????????????? 1,000 ???",22567385.54,10/1/2565
2565,?????????,????????,???????,"?????????????????????????????????????????????????????????????? 1,000 ???",131382953.1,10/1/2565
2565,???????,????????,????,????,129735.36,10/1/2565
2565,???????,????????,?????????,????????? ?????? (1) ??????????,2384717948,10/1/2565
2565,???????,????????,?????????,????????????????????,2442785758,10/1/2565
2565,???????,????????,?????????,??????????????????? ?????????????????????????? ????????????????????,367011,10/1/2565
2565,???????,????????,???????,????????????????,106722995.5,10/1/2565
2565,???????,????????,???????,"????????????????????????????????????????? 1,000 ???",169320,10/1/2565
2565,???????,????????,???????,"???????????????????????????????????????? 1,000 ???",50217065.95,10/1/2565
2565,???????,????????,???????,?????????????????????????????????????????????,10530,10/1/2565
2565,???????,????????,???????,????????????????????????????????????????????????????????????????????? 7 ????? ????????????????????? 0.330 ????,76927415.05,10/1/2565
2565,???????,????????,???????,??????????????????????????????????????????????????,2252250,10/1/2565
2565,???????,????????,???????,"??????????????????????????????????????????????????????????????? 1,000 ???",29469745.5,10/1/2565
2565,???????,????????,???????,"?????????????????????????????????????????????????????????????? 1,000 ???",166292245.5,10/1/2565
2565,??????,????????,????,????,31230.71,10/1/2565
2565,??????,????????,?????????,????????? ?????? (1) ??????????,2454780148,10/1/2565
2565,??????,????????,?????????,????????????????????,2450101460,10/1/2565
2565,??????,????????,?????????,??????????????????? ?????????????????????????? ????????????????????,1594913,10/1/2565
2565,??????,????????,???????,????????????????,165527781.9,10/1/2565
2565,??????,????????,???????,"????????????????????????????????????????? 1,000 ???",283277,10/1/2565
2565,??????,????????,???????,"???????????????????????????????????????? 1,000 ???",57941183.5,10/1/2565
2565,??????,????????,???????,????????????????????????????????????????????????????????????????????? 7 ????? ????????????????????? 0.330 ????,101141214.6,10/1/2565
2565,??????,????????,???????,??????????????????????????????????????????????????,614250,10/1/2565
2565,??????,????????,???????,"??????????????????????????????????????????????????????????????? 1,000 ???",16454042.37,10/1/2565
2565,??????,????????,???????,"?????????????????????????????????????????????????????????????? 1,000 ???",129913924.3,10/1/2565
2565,??????????,????????,????,????,493929.4,10/1/2565
2565,??????????,????????,?????????,????????? ?????? (1) ??????????,2206731272,10/1/2565
2565,??????????,????????,?????????,????????????????????,2391452928,10/1/2565
2565,??????????,????????,?????????,??????????????????? ?????????????????????????? ????????????????????,2143053.6,10/1/2565
2565,??????????,????????,???????,????????????????,190345104.7,10/1/2565
2565,??????????,????????,???????,"????????????????????????????????????????? 1,000 ???",665249,10/1/2565
2565,??????????,????????,???????,"???????????????????????????????????????? 1,000 ???",33981585.9,10/1/2565
2565,??????????,????????,???????,?????????????????????????????????????????????,13162.5,10/1/2565
2565,??????????,????????,???????,????????????????????????????????????????????????????????????????????? 7 ????? ????????????????????? 0.330 ????,61466542.18,10/1/2565
2565,??????????,????????,???????,??????????????????????????????????????????????????,2290275,10/1/2565
2565,??????????,????????,???????,"??????????????????????????????????????????????????????????????? 1,000 ???",16257518.34,10/1/2565
2565,??????????,????????,???????,"?????????????????????????????????????????????????????????????? 1,000 ???",113768725,10/1/2565
2565,??????,????????,????,????,70864.48,10/1/2565
2565,??????,????????,?????????,????????? ?????? (1) ??????????,2854572421,10/1/2565
2565,??????,????????,?????????,????????????????????,2474967334,10/1/2565
2565,??????,????????,?????????,??????????????????? ?????????????????????????? ????????????????????,2110073.6,10/1/2565
2565,??????,????????,???????,????????????????,195089296.8,10/1/2565
2565,??????,????????,???????,"???????????????????????????????????????? 1,000 ???",42605252,10/1/2565
2565,??????,????????,???????,????????????????????????????????????????????????????????????????????? 7 ????? ????????????????????? 0.330 ????,53935510.52,10/1/2565
2565,??????,????????,???????,??????????????????????????????????????????????????,1140750,10/1/2565
2565,??????,????????,???????,"??????????????????????????????????????????????????????????????? 1,000 ???",14523467.77,10/1/2565
2565,??????,????????,???????,"?????????????????????????????????????????????????????????????? 1,000 ???",155421891.1,10/1/2565
2565,??????,????????,????,????,240387.78,10/1/2565
2565,??????,????????,?????????,????????? ?????? (1) ??????????,2122779067,10/1/2565
2565,??????,????????,?????????,????????????????????,2113185098,10/1/2565
2565,??????,????????,?????????,??????????????????? ?????????????????????????? ????????????????????,4721189.73,10/1/2565
2565,??????,????????,???????,????????????????,122270995.6,10/1/2565
2565,??????,????????,???????,"????????????????????????????????????????? 1,000 ???",315440,10/1/2565
2565,??????,????????,???????,"???????????????????????????????????????? 1,000 ???",41525384.15,10/1/2565
2565,??????,????????,???????,????????????????????????????????????????????????????????????????????? 7 ????? ????????????????????? 0.330 ????,96917793.55,10/1/2565
2565,??????,????????,???????,"??????????????????????????????????????????????????????????????? 1,000 ???",14043257.35,10/1/2565
2565,??????,????????,???????,"?????????????????????????????????????????????????????????????? 1,000 ???",123309278.6,10/1/2565
2565,???????,????????,????,????,29510.96,10/1/2565
2565,???????,????????,?????????,????????? ?????? (1) ??????????,2239884488,10/1/2565
2565,???????,????????,?????????,????????????????????,1733939275,10/1/2565
2565,???????,????????,?????????,??????????????????? ?????????????????????????? ????????????????????,2707936.63,10/1/2565
2565,???????,????????,???????,????????????????,127340117.6,10/1/2565
2565,???????,????????,???????,"????????????????????????????????????????? 1,000 ???",14395,10/1/2565
2565,???????,????????,???????,"???????????????????????????????????????? 1,000 ???",43510663.38,10/1/2565
2565,???????,????????,???????,?????????????????????????????????????????????,17550,10/1/2565
2565,???????,????????,???????,????????????????????????????????????????????????????????????????????? 7 ????? ????????????????????? 0.330 ????,72844392.81,10/1/2565
2565,???????,????????,???????,??????????????????????????????????????????????????,175500,10/1/2565
2565,???????,????????,???????,"??????????????????????????????????????????????????????????????? 1,000 ???",18655166.89,10/1/2565
2565,???????,????????,???????,"?????????????????????????????????????????????????????????????? 1,000 ???",146010508.2,10/1/2565
2565,????????,????????,????,????,165134.7,10/1/2565
2565,????????,????????,?????????,????????? ?????? (1) ??????????,2194266611,10/1/2565
2565,????????,????????,?????????,????????????????????,1823462479,10/1/2565
2565,????????,????????,?????????,??????????????????? ?????????????????????????? ????????????????????,6443443.46,10/1/2565
2565,????????,????????,?????????,?????????????????????????????? ??????? ???????????? ??????????????????????????????????????,261366.6,10/1/2565
2565,????????,????????,???????,????????????????,116828355.3,10/1/2565
2565,????????,????????,???????,"????????????????????????????????????????? 1,000 ???",2034759.5,10/1/2565
2565,????????,????????,???????,"???????????????????????????????????????? 1,000 ???",44239838.3,10/1/2565
2565,????????,????????,???????,????????????????????????????????????????????????????????????????????? 7 ????? ????????????????????? 0.330 ????,35101936.05,10/1/2565
2565,????????,????????,???????,??????????????????????????????????????????????????,1901250,10/1/2565
2565,????????,????????,???????,"??????????????????????????????????????????????????????????????? 1,000 ???",19147069.92,10/1/2565
2565,????????,????????,???????,"?????????????????????????????????????????????????????????????? 1,000 ???",153337152.8,10/1/2565
2565,???????,????????,????,????,36335.75,10/1/2565
2565,???????,????????,?????????,????????? ?????? (1) ??????????,2293462656,10/1/2565
2565,???????,????????,?????????,????????????????????,1871650253,10/1/2565
2565,???????,????????,?????????,??????????????????? ?????????????????????????? ????????????????????,2025438.69,10/1/2565
2565,???????,????????,?????????,???????????????????????????????????????????????????????????? ???????????????  ??????? ???????????? ??????????????????????????????????????,1728,10/1/2565
2565,???????,????????,???????,????????????????,73480519.2,10/1/2565
2565,???????,????????,???????,"????????????????????????????????????????? 1,000 ???",402340,10/1/2565
2565,???????,????????,???????,"???????????????????????????????????????? 1,000 ???",37626745.49,10/1/2565
2565,???????,????????,???????,????????????????????????????????????????????????????????????????????? 7 ????? ????????????????????? 0.330 ????,56468862.56,10/1/2565
2565,???????,????????,???????,"??????????????????????????????????????????????????????????????? 1,000 ???",15992007.64,10/1/2565
2565,???????,????????,???????,"?????????????????????????????????????????????????????????????? 1,000 ???",134632764.3,10/1/2565
2565,???????,????????,????,????,329734.38,10/1/2565
2565,???????,????????,?????????,????????? ?????? (1) ??????????,2298741276,10/1/2565
2565,???????,????????,?????????,????????????????????,2078982835,10/1/2565
2565,???????,????????,?????????,??????????????????? ?????????????????????????? ????????????????????,2672621.89,10/1/2565
2565,???????,????????,???????,????????????????,70028339.02,10/1/2565
2565,???????,????????,???????,"????????????????????????????????????????? 1,000 ???",71975,10/1/2565
2565,???????,????????,???????,"???????????????????????????????????????? 1,000 ???",38191141.8,10/1/2565
2565,???????,????????,???????,????????????????????????????????????????????????????????????????????? 7 ????? ????????????????????? 0.330 ????,43078897.24,10/1/2565
2565,???????,????????,???????,??????????????????????????????????????????????????,965250,10/1/2565
2565,???????,????????,???????,"??????????????????????????????????????????????????????????????? 1,000 ???",18869879.43,10/1/2565
2565,???????,????????,???????,"?????????????????????????????????????????????????????????????? 1,000 ???",186981886,10/1/2565
2565,???????,????????,????,????,58204.39,10/1/2565
2565,???????,????????,?????????,????????? ?????? (1) ??????????,2702678627,10/1/2565
2565,???????,????????,?????????,????????????????????,1793541594,10/1/2565
2565,???????,????????,?????????,??????????????????? ?????????????????????????? ????????????????????,4267758.87,10/1/2565
2565,???????,????????,???????,????????????????,70522817.6,10/1/2565
2565,???????,????????,???????,"????????????????????????????????????????? 1,000 ???",825769.5,10/1/2565
2565,???????,????????,???????,"???????????????????????????????????????? 1,000 ???",42576406.13,10/1/2565
2565,???????,????????,???????,?????????????????????????????????????????????,17550,10/1/2565
2565,???????,????????,???????,????????????????????????????????????????????????????????????????????? 7 ????? ????????????????????? 0.330 ????,46628196.56,10/1/2565
2565,???????,????????,???????,??????????????????????????????????????????????????,2778750,10/1/2565
2565,???????,????????,???????,"??????????????????????????????????????????????????????????????? 1,000 ???",25060318.35,10/1/2565
2565,???????,????????,???????,"?????????????????????????????????????????????????????????????? 1,000 ???",191428667.9,10/1/2565
